姓名,班名,总分,年名,语文,语文年名,数学,数学年名,英语,英语年名,物理,物理年名,化学,化学年名,地理,地理年名
王莉娟,1,534,149,126,5,116,167,120,57,48,523,62,337,62,209
敏毓璇,2,525,178,114,159,112,207,103,227,71,108,61,350,64,162
韩渊,3,508,230,110,263,114,191,85,467,59,285,75,162,65,147
谈江文,4,504,238,108,345,110,233,101,257,64,200,53,481,68,100
闹尕草,5,501,246,118,58,112,207,81.5,511,61,249,66,282,62,209
申富强,6,500,250,108,345,103,300,83.5,484,71,108,65,294,69,88
陈紫涵,7,500,250,105,438,115,177,85.5,459,59,285,72,199,63,181
姚勇,8,494,269,119,49,75,567,113,111,68,145,53,481,66,131
姚珂彬,9,491,276,114,159,124,99,69,650,57,314,61,350,66,131
桑臻荣,10,489,284,101,552,89,431,89.5,403,69,125,69,241,71,47
刘志龙,11,483,295,100,576,117,161,83,486,57,314,62,337,64,162
李桂瑕,12,483,295,97,660,133,31,87,434,46,558,57,414,63,181
马颖杰,13,481,301,98,637,86,466,79,542,81,34,67,268,70,67
李瑞欣,14,476,318,108,345,102,309,90.5,390,57,314,59,383,59,277
马倩,15,469,337,100,576,98,346,98,301,47,542,54,463,72,37
杨旭平,16,468,341,112,205,101,320,64,695,78,48,54,463,59,277
安妮,17,467,345,117,75,93,386,94,352,43,616,57,414,63,181
贡博楞洲,18,466,351,99,606,101,320,72.5,616,64,200,73,181,56,357
马雪琴,19,461,360,123,16,81,509,90,392,54,383,60,372,53,431
姜泽文,20,460,367,101,552,87,452,130,6,43,616,50,515,49,524
楞姆卓玛,21,455,383,108,345,94,375,76,579,47,542,55,452,75,23
李子墨,22,446,421,104,472,90,419,102,238,57,314,50,515,43,645
武云斌,23,445,425,104,472,82,498,83,486,56,335,58,397,62,209
王梓同,24,445,427,102,521,103,300,77.5,563,53,407,46,571,63,181
张虎成,25,444,431,106,404,96,359,62.5,703,49,500,63,324,67,117
张金涛,26,444,431,95,691,103,300,82.5,495,53,407,59,383,51,470
杨欣于,27,435,472,105,438,100,329,90.5,390,55,356,47,556,37,743
王佳宁,28,432,482,106,404,79,526,82.5,495,53,407,58,397,53,431
李怡文,29,426,501,107,372,72,591,99.5,282,51,461,46,571,50,503
王萍,30,421,515,116,101,73,581,81.5,511,41,651,42,630,67,117
达选卿,31,419,521,108,345,78,542,87,434,47,542,42,630,57,329
何浩宇,32,411,543,106,404,93,386,71,633,42,636,42,630,57,329
王雪娟,33,402,571,109,302,49,748,93.5,358,52,435,55,452,43,645
杨丽丽,34,401,576,108,345,54,723,82,500,40,668,52,492,65,147
张瑶,35,400,581,110,263,76,558,96.5,322,41,651,33,731,43,645
刘亚楠,36,397,588,102,521,79,526,71.5,627,50,480,46,571,48,546
蒲万豪,37,390,611,116,101,69,609,49,769,55,356,30,760,71,47
冯丹,38,388,616,97,660,74,572,66,677,44,591,58,397,49,524
扎西加参,39,375,649,99,606,40,785,95,340,56,335,34,722,51,470
吴永明,40,375,651,91,743,67,625,67.5,664,40,668,53,481,56,357
赛闹扎西,41,372,661,99,606,67,625,55.5,740,49,500,42,630,59,277
杨亚豪,42,368,673,91,743,72,591,53,752,59,285,25,790,68,100
毛悦冉,43,367,674,105,438,61,675,79,542,33,736,43,612,46,588
火元霞,44,365,679,94,705,87,452,88,421,32,748,23,801,41,691
张鑫怡,45,365,681,98,637,68,619,75.5,585,42,636,33,731,48,546
王翔婷,46,363,683,97,660,72,591,61,711,28,771,47,556,58,305
刘晓婷,47,362,685,101,552,73,581,79.5,535,47,542,26,781,35,759
杨琼,48,337,737,102,521,46,764,83.5,484,41,651,31,756,33,778
李旭,49,333,741,91,743,65,638,55,744,28,771,34,722,60,254
杨卓玛草,50,332,744,96,681,61,675,83,486,23,796,26,781,43,645
陈心瑶,51,324,750,105,438,47,758,71.5,627,33,736,28,774,39,717
薛正龙,52,281,795,81,804,40,785,37.5,788,42,636,36,696,44,623